Time[s], LCD RS, LCD e, logan_strobe
-0.000010019, 0, 0, 0
0.000000000, 0, 0, 1
0.000000330, 1, 0, 1
0.000000490, 0, 0, 1
0.000019430, 0, 1, 1
0.000019590, 0, 0, 1
